HomeworkType,Difficulty,Length,StudyHours,PreviousCompletionTime,Subject,StudentFocusLevel,SubmissionUrgency,TeacherClarity,ResourcesProvided,CompletionTime
Coding,Easy,20,1.53,59,Literature,10,Low,1,Partial,166.43
MCQ,Medium,5,6.17,52,Programming,8,Low,8,Full,22.62
Coding,Easy,14,1.06,84,Literature,7,Medium,10,None,112.96
MCQ,Hard,10,2.66,167,Math,7,Medium,9,None,132.77
Essay,Easy,18,7.68,150,History,4,Medium,10,None,121.78
Coding,Hard,16,1.8,103,Science,1,High,1,Full,321.94
MCQ,Easy,8,7.57,162,History,10,High,10,Partial,59.47
Coding,Hard,5,8.95,71,Math,5,High,4,Partial,40.63
MCQ,Hard,19,1.38,38,Math,3,Medium,7,Partial,266.98
MCQ,Easy,15,1.52,41,History,7,Low,6,Full,95.05
MCQ,Medium,4,1.95,171,Literature,7,Medium,9,None,75.9
Coding,Hard,3,7.02,62,Programming,2,Medium,10,Partial,32.37
Coding,Easy,10,3.75,140,Programming,10,High,10,None,65.42
Coding,Medium,17,6.22,110,History,9,Medium,7,Partial,91.52
Essay,Medium,8,6.37,177,Math,9,High,8,Full,65.54
MCQ,Easy,7,2.9,133,History,2,High,8,Partial,89.84
MCQ,Medium,20,9.35,48,Math,5,Low,7,Full,83.8
Coding,Hard,18,2.75,78,Math,10,Low,7,Partial,152.38
MCQ,Easy,13,6.08,42,History,10,High,9,Partial,39.63
Coding,Hard,11,3.52,70,Literature,1,Low,4,Full,176.6
MCQ,Hard,4,2.6,109,History,3,High,1,Partial,89.84
Essay,Hard,9,4.05,119,History,5,Medium,1,None,166.1
Essay,Medium,10,3.48,128,History,4,High,3,None,148.98
Coding,Easy,5,6.86,87,Math,8,Low,4,Full,50.28
Coding,Easy,5,8.71,38,Programming,7,Medium,10,Partial,22.73
Essay,Hard,17,5.53,129,Math,10,Low,9,Partial,111.07
Essay,Hard,16,8.45,89,Science,1,High,3,Partial,185.96
MCQ,Medium,20,5.28,144,Math,2,High,10,Full,141.24
Essay,Hard,11,9.84,24,Math,2,Low,5,Full,76.52
Coding,Hard,20,9.68,147,Science,1,Medium,9,Partial,175.38
Coding,Easy,3,1.8,116,Math,5,High,4,Full,43.4
Coding,Medium,8,4.68,172,Math,1,High,8,None,135.66
Essay,Easy,4,9.26,61,History,5,High,6,None,29.46
MCQ,Hard,15,8.85,69,History,3,High,6,Partial,111.57
Coding,Easy,15,1.17,115,Literature,4,High,9,Partial,130.06
Essay,Hard,6,9.87,111,Literature,7,High,7,None,53.25
Essay,Hard,6,4.26,163,Programming,8,High,3,None,91.02
Coding,Easy,7,2.01,126,Science,5,Low,9,Partial,84.68
Coding,Hard,6,9.57,98,Math,10,Low,8,Partial,39.28
Essay,Hard,16,6.0,17,Literature,7,High,1,Partial,110.21
Coding,Medium,7,6.63,21,Science,3,Medium,10,Full,42.36
Essay,Easy,7,9.48,46,Science,3,Medium,2,Partial,59.16
Coding,Medium,9,6.03,167,Literature,1,Low,10,None,138.5
MCQ,Medium,9,4.6,127,Science,3,Medium,3,Full,109.39
Coding,Medium,6,8.3,155,Science,2,Medium,3,None,97.49
Essay,Medium,15,8.68,150,Math,6,Low,10,None,104.63
MCQ,Medium,2,7.82,21,Math,9,High,6,None,20.72
Coding,Easy,4,1.71,171,History,9,Medium,9,None,62.67
Essay,Medium,15,9.66,67,Programming,9,Low,2,Full,69.19
Coding,Hard,8,8.66,111,Programming,3,Medium,7,None,102.27
MCQ,Medium,9,4.84,64,Math,9,Medium,9,None,58.9
MCQ,Hard,11,4.67,148,History,6,Medium,3,Partial,147.85
MCQ,Hard,19,5.78,77,Math,9,Medium,4,Full,113.12
Coding,Medium,8,6.0,132,Science,10,Medium,9,Full,48.87
MCQ,Easy,16,8.25,120,Math,3,High,9,None,93.85
MCQ,Hard,10,1.13,143,Math,2,Medium,2,Full,228.59
Coding,Easy,6,4.48,24,Math,7,Medium,4,None,52.35
MCQ,Easy,5,3.03,23,Science,10,Medium,5,Partial,31.63
MCQ,Easy,4,4.7,61,History,2,Low,5,Full,56.14
MCQ,Easy,2,1.64,48,Literature,4,Medium,6,Full,27.21
Coding,Hard,7,9.61,71,Programming,6,High,2,Partial,65.15
Essay,Hard,9,2.23,24,Programming,9,Low,8,None,74.89
MCQ,Medium,16,1.84,164,Literature,1,High,4,Partial,290.04
Coding,Hard,11,9.88,22,History,8,Low,9,None,54.68
Essay,Medium,3,6.89,159,History,6,Medium,7,Partial,61.94
MCQ,Medium,20,5.81,50,Science,7,Medium,8,None,109.88
Essay,Easy,19,7.28,160,Programming,7,Low,5,Partial,118.54
Coding,Medium,3,2.54,45,Programming,7,High,9,Partial,32.78
Essay,Easy,14,6.36,79,Literature,8,High,6,Full,48.72
Coding,Hard,15,2.07,119,Science,10,Low,7,None,161.71
Essay,Medium,4,8.41,66,Programming,6,High,1,Partial,39.87
Coding,Medium,12,4.38,77,History,3,Low,3,Full,127.38
Coding,Medium,20,5.93,45,History,1,High,1,Partial,251.39
Coding,Hard,15,7.95,106,Science,3,Low,4,None,202.46
Essay,Medium,11,4.89,119,History,10,Low,3,None,103.57
MCQ,Hard,18,6.02,114,Science,7,High,2,Full,131.29
MCQ,Easy,14,7.08,47,Science,10,Medium,3,None,80.19
Essay,Medium,14,8.01,90,Literature,2,Medium,4,Partial,144.21
Coding,Easy,13,1.54,74,Math,6,Medium,4,None,141.08
Coding,Hard,2,9.58,56,Literature,6,Medium,6,Partial,32.71
MCQ,Easy,4,3.31,19,Math,6,High,1,None,32.67
MCQ,Hard,5,8.01,140,History,3,Medium,8,Full,68.41
Essay,Medium,3,8.78,96,Programming,7,Low,4,Partial,52.4
Coding,Easy,11,4.92,59,History,10,Low,8,Full,51.18
MCQ,Easy,13,4.51,58,Math,6,High,8,Partial,72.61
MCQ,Easy,2,3.61,69,History,6,Medium,3,None,29.71
Essay,Medium,12,9.54,166,Literature,1,High,4,Full,122.5
Essay,Medium,13,3.51,85,Literature,9,Medium,5,Partial,99.35
Essay,Medium,3,7.65,141,Programming,9,Medium,6,Full,48.47
Coding,Medium,8,5.68,165,Programming,10,Low,4,Full,74.09
Coding,Hard,4,3.71,156,History,4,Low,5,None,107.96
MCQ,Medium,2,5.22,88,Programming,4,Medium,3,None,41.71
Essay,Medium,2,5.26,180,Literature,6,Low,6,Full,73.77
Coding,Easy,4,5.81,58,History,7,Medium,2,Partial,30.49
Essay,Hard,20,5.65,78,Literature,9,Medium,8,None,120.94
MCQ,Easy,5,1.79,59,Math,6,Low,3,Partial,63.24
MCQ,Hard,16,3.38,142,Literature,1,Medium,4,Full,259.87
Coding,Hard,5,6.96,86,History,1,Low,6,None,99.08
Essay,Easy,8,9.53,86,History,2,High,3,None,70.05
Coding,Medium,2,7.48,176,Science,9,High,3,Full,63.28
Coding,Easy,9,4.56,34,Programming,8,Low,2,None,75.67
Essay,Easy,13,1.01,32,Programming,9,High,5,None,102.46
Essay,Medium,11,7.22,163,Programming,7,High,7,Partial,97.81
Coding,Easy,3,4.51,143,History,9,Medium,1,Full,60.48
MCQ,Easy,14,2.38,54,Programming,9,Medium,6,Partial,93.66
Coding,Hard,12,4.93,87,Math,8,Medium,6,Full,73.98
Coding,Medium,6,9.54,101,History,7,Low,1,Partial,64.76
MCQ,Easy,12,3.38,168,History,5,High,9,Partial,93.01
Coding,Medium,19,9.52,130,Math,1,Low,3,None,256.33
Coding,Medium,17,1.61,155,Literature,8,Medium,4,Partial,197.12
Essay,Easy,15,3.34,153,Science,5,Low,10,Full,107.24
Coding,Easy,15,9.64,67,Science,9,Low,6,Full,61.04
Coding,Medium,18,4.93,129,Programming,8,Low,10,Full,88.61
Coding,Hard,1,7.34,50,Programming,4,Medium,9,Partial,26.75
MCQ,Medium,10,4.27,89,Math,1,Low,9,Partial,130.99
MCQ,Easy,3,4.54,134,History,1,High,8,Partial,53.89
Essay,Hard,6,5.77,172,Programming,6,Low,6,Full,87.99
Essay,Medium,9,9.57,85,History,3,High,8,Full,62.94
MCQ,Easy,9,8.27,75,Literature,7,High,10,None,53.41
Coding,Medium,17,4.72,40,Science,4,Low,7,Full,114.53
Coding,Hard,2,4.78,39,Math,10,Medium,5,None,16.62
Coding,Hard,20,9.93,88,Science,2,Low,5,None,233.92
MCQ,Hard,11,6.47,180,Science,10,Medium,8,None,96.55
Coding,Hard,20,2.95,120,History,5,Medium,6,Full,193.44
MCQ,Easy,13,7.75,105,Programming,6,Medium,4,Full,68.11
MCQ,Medium,1,4.59,89,Science,9,High,4,None,36.02
MCQ,Easy,5,2.29,167,Programming,7,Low,1,Full,81.33
Essay,Easy,20,3.64,34,Science,10,Low,9,Full,63.71
Essay,Easy,16,3.11,131,Science,10,Medium,5,Full,94.5
Essay,Medium,16,8.44,67,Science,8,High,3,Full,61.24
Essay,Easy,5,7.22,164,History,6,High,2,None,69.11
Essay,Hard,19,2.26,130,Programming,5,High,1,Full,232.42
Coding,Easy,11,6.09,26,History,2,Medium,3,Partial,98.76
Essay,Medium,8,2.95,122,Science,8,Low,10,Partial,81.55
Coding,Hard,11,4.68,61,Science,2,Low,2,Partial,202.09
MCQ,Medium,9,3.67,54,Science,1,Low,2,Full,142.17
Essay,Hard,4,8.98,70,Science,3,Medium,1,None,58.7
Essay,Hard,12,1.46,27,Literature,7,Medium,5,Full,106.31
Coding,Hard,2,7.12,167,Science,10,Low,7,Full,47.1
Essay,Medium,7,1.64,21,Programming,4,Medium,1,Partial,102.81
Essay,Easy,20,7.4,59,Programming,7,High,1,Full,82.5
MCQ,Medium,11,9.72,80,History,1,Low,10,None,96.89
MCQ,Hard,13,8.98,32,Literature,7,Medium,6,None,89.77
Essay,Hard,2,9.05,160,Literature,4,Medium,5,Partial,54.97
Coding,Easy,20,8.73,41,Math,9,Low,2,Partial,96.6
Coding,Easy,6,9.66,119,History,8,High,9,Full,36.51
Essay,Medium,19,9.85,57,Literature,4,Medium,10,None,95.71
MCQ,Hard,13,6.44,19,History,8,Medium,7,Full,62.03
Essay,Medium,18,9.77,20,Science,9,High,5,Full,41.66
Coding,Hard,20,5.41,130,Science,10,Medium,2,Full,129.19
Coding,Hard,18,3.57,158,Literature,2,Low,10,None,259.64
Essay,Hard,3,9.88,157,Math,5,Medium,2,None,68.48
Essay,Hard,12,8.39,175,Math,5,High,8,Partial,105.5
Coding,Hard,2,5.45,153,Science,6,Low,9,Partial,66.94
Coding,Hard,12,6.75,59,Math,8,Low,4,Full,74.31
Coding,Medium,5,2.32,67,Math,3,Low,5,Full,71.02
Coding,Medium,8,4.13,131,Literature,6,High,9,Full,61.86
Coding,Easy,3,1.86,175,Literature,8,Low,9,Full,71.07
Coding,Medium,19,8.88,150,Programming,8,High,9,None,96.66
Coding,Easy,3,7.27,84,Programming,5,High,3,Partial,46.34
Essay,Medium,17,7.64,43,Science,9,Medium,5,None,82.46
MCQ,Hard,18,5.74,153,History,5,Medium,1,Partial,215.93
Coding,Medium,15,5.49,39,Math,9,Low,5,Full,68.84
Essay,Hard,13,9.86,33,History,6,Low,9,Partial,52.84
Coding,Medium,10,6.43,173,Science,2,Low,5,Full,119.09
Coding,Easy,15,4.85,45,Programming,1,High,6,Full,106.34
Essay,Hard,11,9.86,96,Math,7,Low,5,Full,71.94
Coding,Easy,6,5.59,96,Science,3,Low,9,Partial,58.15
MCQ,Medium,4,4.74,59,Programming,4,Low,1,Full,55.51
Coding,Hard,7,6.53,79,Math,3,Low,10,None,86.36
Coding,Easy,14,8.02,29,Math,6,High,1,None,83.32
Coding,Medium,5,4.96,137,Programming,1,Medium,5,None,99.91
MCQ,Medium,10,4.04,137,History,4,Medium,3,Partial,131.01
Coding,Easy,4,6.83,164,History,1,Medium,9,Partial,78.77
Essay,Easy,18,1.24,175,Math,5,Low,2,None,305.09
MCQ,Easy,9,8.32,150,History,1,High,10,Full,78.11
Essay,Hard,17,2.57,96,History,6,Medium,7,Full,150.85
MCQ,Medium,11,4.49,106,Math,3,Low,10,None,109.32
Essay,Easy,19,2.63,173,History,10,High,3,None,163.9
Essay,Hard,3,5.76,35,Science,10,Low,2,Full,20.97
Essay,Medium,15,6.04,27,Science,3,Low,3,None,188.63
Coding,Hard,1,6.93,163,Math,3,High,10,Full,46.27
Essay,Hard,6,5.8,28,Math,7,High,5,None,40.64
Essay,Medium,2,5.28,23,Math,9,High,2,Full,17.68
Coding,Easy,16,1.08,48,History,10,Medium,2,Partial,125.17
Essay,Medium,9,6.04,84,Math,2,High,7,Full,65.65
MCQ,Medium,19,7.89,155,History,7,Medium,6,Full,104.18
Coding,Hard,9,8.23,15,Science,6,Low,9,Full,35.38
MCQ,Hard,5,1.46,112,Math,10,High,7,Partial,63.58
MCQ,Hard,18,7.18,123,Programming,9,Medium,7,Partial,118.97
MCQ,Easy,16,6.66,33,Science,10,Low,5,Full,51.52
MCQ,Hard,18,5.64,144,Programming,2,Low,5,Full,214.12
Essay,Medium,14,9.48,122,Science,10,Medium,7,Partial,73.21
Coding,Hard,1,2.41,83,Math,4,Medium,5,Partial,36.33
Coding,Easy,12,1.3,168,Literature,7,Medium,2,None,181.71
Essay,Hard,1,4.57,124,Math,8,Low,2,Partial,46.96
Coding,Medium,20,9.11,99,History,4,High,5,Full,100.67
MCQ,Medium,15,3.41,20,Programming,3,Medium,10,Full,83.9
Essay,Medium,3,6.49,49,Math,6,Medium,3,None,32.96
Coding,Hard,4,4.09,83,Science,8,Low,3,None,56.7
Coding,Medium,17,8.44,114,History,8,High,5,Full,74.14
MCQ,Medium,17,4.03,88,Literature,1,Low,8,Partial,216.65
MCQ,Hard,9,9.78,124,Math,3,High,8,Partial,89.31
Essay,Hard,9,8.23,42,Programming,6,Low,2,Partial,78.98
Essay,Medium,3,6.59,117,History,3,Low,4,None,69.72
Essay,Medium,2,5.29,20,Math,1,Low,2,Partial,34.3
Essay,Easy,19,7.12,70,History,10,High,1,None,99.25
MCQ,Hard,17,7.81,29,Programming,9,High,7,Partial,67.04
Essay,Hard,10,9.48,28,History,7,Medium,9,Full,39.86
MCQ,Easy,2,8.59,117,Math,4,Low,10,Partial,42.33
Essay,Hard,16,6.08,84,Literature,7,Low,6,Full,101.23
Coding,Hard,3,8.21,116,Math,7,High,2,Full,47.23
Essay,Easy,13,5.66,27,Math,9,High,9,Full,31.77
MCQ,Hard,1,7.53,69,Math,6,High,7,None,19.15
Essay,Hard,19,1.97,73,History,9,Low,7,None,196.45
MCQ,Medium,2,3.83,16,Math,1,High,4,Full,22.73
MCQ,Easy,16,8.14,45,History,6,High,1,None,95.72
Coding,Hard,7,7.98,120,Literature,1,Medium,8,Full,72.8
MCQ,Easy,2,1.83,69,Literature,5,High,4,Full,36.6
MCQ,Hard,15,4.56,154,Programming,1,Medium,1,Partial,319.5
Essay,Medium,17,6.7,55,History,5,Medium,5,Partial,115.68
Essay,Medium,9,2.67,134,History,5,Low,4,None,146.05
Essay,Easy,5,2.04,174,Science,2,Medium,3,None,131.01
Coding,Easy,20,7.25,52,Science,7,Medium,1,Full,83.01
Coding,Hard,10,5.81,74,History,8,Medium,2,Full,77.7
MCQ,Medium,11,6.35,167,Programming,7,High,6,Full,89.93
MCQ,Hard,1,6.82,101,Programming,3,Medium,5,Full,40.54
Coding,Medium,16,9.32,128,Math,6,High,3,Full,96.99
Essay,Hard,3,3.2,31,Literature,5,Medium,3,None,40.59
Coding,Medium,2,3.32,21,Literature,9,Medium,2,Full,22.11
MCQ,Medium,4,7.05,58,Science,7,High,10,Full,19.27
Essay,Medium,18,9.38,71,Math,8,Low,3,Partial,104.25
Essay,Easy,15,3.62,82,History,4,Low,7,Partial,124.85
Coding,Easy,8,9.8,114,Literature,3,Low,2,Full,82.8
Coding,Medium,16,1.38,180,Science,7,Low,5,Partial,208.49
Coding,Easy,19,1.28,176,Literature,9,Medium,10,Partial,122.42
Coding,Hard,14,7.95,140,History,1,High,7,None,172.03
MCQ,Easy,12,1.04,52,Literature,10,Medium,9,None,81.36
Coding,Easy,8,8.0,110,Math,2,Low,9,Partial,74.15
MCQ,Easy,13,1.1,144,History,6,Medium,10,None,131.28
Essay,Hard,14,4.24,76,Science,5,Low,2,None,212.32
MCQ,Hard,15,1.59,88,Programming,6,Medium,9,Full,121.38
Essay,Medium,9,9.63,103,Literature,7,Medium,10,Full,50.22
MCQ,Easy,6,2.92,89,Science,2,Medium,8,Full,56.5
Essay,Hard,1,3.49,55,Science,3,Low,3,Partial,31.81
Coding,Hard,9,9.4,177,History,6,Low,2,Partial,105.19
Essay,Medium,4,8.65,84,History,3,Low,7,None,52.26
MCQ,Medium,1,1.26,18,Literature,4,High,5,Partial,25.83
Essay,Medium,4,3.24,122,History,7,Medium,2,None,84.08
MCQ,Easy,4,4.65,176,Math,8,Low,9,Full,63.47
MCQ,Hard,8,4.82,46,Math,2,High,9,None,83.59
Coding,Hard,16,1.6,124,Programming,3,High,2,Full,255.14
Coding,Medium,7,3.3,143,Programming,7,Medium,8,Full,80.01
MCQ,Medium,19,2.45,154,Science,1,High,6,Partial,287.98
Essay,Easy,9,4.24,123,History,1,Medium,9,Partial,91.25
MCQ,Medium,3,6.73,138,Science,6,Medium,2,None,65.14
MCQ,Hard,11,2.64,131,Literature,2,Medium,5,Partial,209.66
Essay,Easy,3,2.42,137,Literature,1,High,5,Full,58.41
Essay,Medium,11,6.12,142,Math,1,Low,2,None,210.77
Coding,Hard,10,3.07,27,Science,10,Medium,4,None,97.93
Coding,Hard,19,1.14,63,Math,2,Low,3,Partial,462.72
Essay,Hard,7,5.77,139,Math,9,High,4,Partial,69.39
Essay,Easy,16,2.05,142,History,1,High,5,None,269.9
Coding,Easy,3,2.01,150,Science,6,Low,9,None,70.97
Essay,Hard,18,3.11,108,Science,5,High,2,None,270.47
Coding,Medium,11,5.02,159,Math,4,High,4,Partial,134.8
MCQ,Easy,7,8.36,37,Literature,9,Medium,2,Partial,41.62
Essay,Easy,3,9.19,79,Math,7,Low,5,Full,39.1
Essay,Hard,1,2.39,94,Literature,7,Low,10,Full,35.09
Coding,Medium,1,7.51,48,Math,7,High,1,None,13.5
Coding,Hard,13,7.46,135,Science,6,Low,5,None,146.29
Essay,Medium,6,7.76,158,Science,1,High,5,Full,93.43
Essay,Medium,7,8.92,96,Programming,8,Medium,3,None,54.33
MCQ,Easy,13,2.19,74,Programming,7,Low,3,Full,97.16
MCQ,Hard,6,3.29,168,History,3,Medium,7,Partial,110.89
MCQ,Easy,12,7.08,124,Literature,6,High,8,Partial,68.61
Coding,Easy,11,8.11,101,History,3,Medium,7,Full,70.36
MCQ,Hard,10,7.31,163,Literature,9,High,1,Full,86.74
MCQ,Hard,9,2.2,61,History,8,Medium,4,None,123.2
Essay,Easy,8,8.06,74,History,3,Medium,3,Full,56.38
MCQ,Hard,11,4.65,44,History,7,Medium,10,Partial,71.55
MCQ,Hard,13,1.4,102,Literature,8,High,6,Full,109.17
Coding,Medium,14,7.27,35,Science,7,Medium,7,Full,54.45
MCQ,Hard,1,8.28,136,Science,6,Medium,6,Full,52.66
Essay,Medium,20,2.55,111,Math,5,Medium,8,None,209.49
Essay,Hard,7,3.32,142,Programming,3,Medium,4,None,143.91
Coding,Medium,10,7.37,31,Literature,7,Low,6,Partial,51.46
MCQ,Hard,7,8.74,171,Programming,1,Medium,7,Full,96.32
Essay,Hard,13,9.37,36,History,9,Low,5,None,73.35
Coding,Medium,5,9.05,51,History,6,High,8,Partial,37.28
Essay,Hard,18,8.49,15,History,4,Medium,1,None,189.73
MCQ,Easy,7,4.22,115,Math,2,Medium,5,Partial,85.09
Coding,Hard,5,8.19,62,History,10,Low,4,Full,32.23
MCQ,Medium,20,7.93,91,Math,5,Medium,5,None,151.59
MCQ,Medium,2,5.64,137,Programming,1,Low,8,Full,63.22
MCQ,Medium,8,5.19,19,Math,6,High,1,Partial,51.58
MCQ,Medium,7,2.2,78,Literature,5,Medium,10,Partial,59.54
MCQ,Hard,12,2.67,53,History,6,High,9,None,101.62
MCQ,Easy,17,1.88,32,Programming,8,Medium,5,Full,89.85
MCQ,Easy,6,8.92,68,Math,8,Medium,8,None,43.02
Essay,Hard,1,5.44,175,Science,3,Medium,8,None,59.83
Essay,Medium,8,1.78,133,Programming,10,Medium,7,Full,80.24
MCQ,Easy,14,4.91,35,Math,10,Low,7,None,68.15
Essay,Hard,18,6.94,21,Math,9,Low,9,Full,71.22
Essay,Easy,2,4.17,113,History,8,High,9,Partial,32.99
Essay,Medium,7,9.71,109,Literature,3,Medium,8,None,75.87
Coding,Easy,20,9.66,113,Science,2,Medium,4,Partial,153.82
Essay,Hard,16,6.1,64,Literature,3,Medium,5,None,193.62
Essay,Medium,14,1.74,170,History,5,Low,6,Full,172.99
MCQ,Hard,13,2.18,43,Literature,3,Medium,3,None,265.06
Coding,Easy,16,8.99,35,Literature,5,Low,1,Full,89.95
Essay,Medium,5,4.55,55,Literature,6,Medium,2,None,62.97
Essay,Hard,2,6.15,51,History,10,High,3,Full,26.81
Coding,Easy,8,9.39,30,Literature,9,Low,1,Partial,29.49
MCQ,Easy,17,8.83,96,Literature,2,Medium,4,None,154.82
Essay,Medium,9,5.79,98,Literature,8,Low,9,Full,52.23
Coding,Medium,2,2.63,136,History,2,High,10,Full,59.7
Essay,Easy,17,1.67,64,Science,6,High,6,None,138.68
Coding,Easy,4,9.48,93,Programming,6,High,8,Full,34.54
Coding,Medium,8,8.95,169,Literature,1,Medium,3,Partial,127.85
MCQ,Easy,17,9.19,73,Science,8,Low,9,Partial,63.4
Coding,Medium,1,5.64,115,Math,4,High,7,Partial,40.6
MCQ,Easy,5,1.73,122,Math,2,Low,4,Partial,110.62
Essay,Easy,11,8.79,126,Programming,9,Low,5,Full,73.88
Essay,Medium,19,5.33,160,Literature,7,Medium,1,None,213.33
Coding,Hard,20,1.71,90,Programming,4,High,5,Partial,273.77
MCQ,Easy,11,9.44,95,Literature,7,High,2,Full,64.46
Coding,Hard,11,4.05,132,Math,3,Medium,5,Partial,169.25
MCQ,Easy,17,1.72,113,Literature,4,Medium,6,Full,152.89
Essay,Easy,14,9.7,128,Programming,5,Low,6,None,100.24
Essay,Medium,14,8.78,133,Literature,5,High,8,Full,84.01
Essay,Easy,17,8.6,70,Science,9,High,4,Full,57.86
Coding,Medium,11,5.55,77,Literature,7,Medium,10,None,78.18
Essay,Hard,4,3.71,124,History,5,High,1,Partial,73.67
Essay,Medium,5,5.43,40,Science,5,Medium,2,None,52.38
MCQ,Medium,18,8.06,42,Science,5,Low,10,None,87.91
MCQ,Medium,15,6.41,75,Science,5,High,2,Full,89.33
Essay,Medium,18,3.18,19,Literature,3,Medium,9,Full,113.4
MCQ,Easy,5,6.02,118,History,2,High,7,Partial,62.76
Essay,Medium,14,6.35,22,Programming,7,Low,10,None,71.53
Essay,Easy,20,5.14,160,Math,3,Low,8,Partial,170.07
MCQ,Easy,16,2.17,69,History,9,Medium,6,Full,79.94
MCQ,Hard,7,5.43,86,Programming,3,Low,2,None,127.05
Coding,Medium,6,3.55,138,Programming,10,Medium,7,Full,71.95
MCQ,Easy,15,3.47,89,Science,1,Medium,6,Full,151.04
MCQ,Medium,14,5.22,133,History,9,High,7,Full,71.82
Essay,Hard,18,4.31,124,Science,9,High,2,Full,126.37
MCQ,Medium,15,6.28,109,Math,5,Medium,5,Partial,118.47
Essay,Medium,8,3.32,156,History,2,Low,6,Partial,139.65
Coding,Medium,19,4.68,175,Programming,2,Medium,9,None,227.24
Essay,Medium,13,1.88,70,Math,8,High,8,Full,68.61
Coding,Easy,4,7.75,56,Science,3,High,8,Full,38.78
Coding,Medium,14,8.75,105,Math,2,Low,9,Full,100.41
Coding,Medium,7,5.48,117,Literature,4,Medium,5,None,86.05
Coding,Medium,1,9.03,178,History,2,Medium,8,Full,56.32
Coding,Medium,20,8.14,75,Programming,1,Low,2,None,294.18
Essay,Hard,3,1.14,108,Math,8,High,6,Partial,57.54
Essay,Hard,11,2.83,119,Science,1,Low,6,None,274.79
Coding,Easy,10,5.92,37,Science,2,Low,5,Partial,80.15
Coding,Easy,11,9.24,156,Math,7,High,10,Full,53.8
Essay,Hard,20,2.6,74,Science,5,Low,7,None,265.01
Essay,Easy,1,9.5,80,Science,6,Low,6,Full,26.07
MCQ,Hard,6,3.39,116,Literature,2,Low,8,Full,95.84
Coding,Medium,19,4.15,115,Literature,3,Medium,8,Full,155.39
Coding,Easy,17,9.92,102,Math,1,Medium,10,Partial,98.73
Coding,Hard,19,4.54,46,Literature,5,Low,2,Partial,221.63
MCQ,Hard,5,5.54,52,Math,8,Medium,7,None,45.54
Coding,Easy,12,6.62,56,Programming,10,Medium,2,None,62.61
Essay,Medium,20,5.59,63,History,10,High,1,Partial,107.07
Coding,Medium,14,3.85,24,Literature,10,Low,4,Full,73.76
Coding,Easy,15,2.7,58,Literature,7,Medium,1,None,155.95
Coding,Hard,7,4.32,153,Programming,5,High,4,Partial,95.08
MCQ,Hard,13,4.0,67,Science,1,Low,5,None,278.01
Essay,Hard,19,5.13,16,History,10,Low,2,Full,114.65
MCQ,Medium,5,4.3,144,Science,3,Medium,8,Full,63.78
MCQ,Medium,15,3.46,124,Science,7,Medium,10,Partial,105.66
Coding,Hard,6,7.97,32,Programming,6,High,3,Full,32.34
Essay,Easy,9,3.79,18,Math,3,Low,4,None,94.82
MCQ,Hard,15,8.26,153,Literature,6,Low,10,Full,90.09
Essay,Hard,15,1.39,155,History,7,Medium,2,Partial,232.22
Essay,Hard,13,5.04,50,History,9,High,8,Partial,60.53
Coding,Easy,20,3.96,107,Math,5,High,8,Full,105.0
MCQ,Easy,13,7.29,58,Literature,7,High,8,Partial,54.81
MCQ,Easy,10,2.25,20,Science,5,Medium,7,Full,65.82
MCQ,Hard,3,3.87,37,Literature,7,High,2,None,39.65
Essay,Medium,6,4.99,62,Literature,3,High,10,Full,48.55
Essay,Easy,14,1.49,140,History,10,Low,6,None,139.22
Coding,Hard,1,8.03,97,Programming,4,Medium,8,Partial,36.62
MCQ,Easy,5,9.85,75,Math,2,High,7,None,41.4
Coding,Medium,13,5.58,29,Programming,3,Medium,5,None,132.53
Coding,Easy,3,8.69,75,Math,6,Low,3,Partial,26.96
Coding,Medium,15,7.91,163,Literature,8,Medium,7,None,121.34
Essay,Hard,20,5.78,15,Science,10,Low,2,Full,109.97
Coding,Easy,4,9.36,134,Programming,5,High,3,Full,56.37
MCQ,Easy,7,3.99,53,Programming,4,Low,3,None,86.48
MCQ,Easy,2,5.66,172,History,4,Medium,4,Partial,68.93
Essay,Easy,19,4.84,53,Math,2,High,5,None,184.06
Essay,Hard,11,4.83,112,Literature,10,Low,2,Full,100.97
MCQ,Medium,13,3.65,85,History,4,High,2,None,171.28
MCQ,Hard,10,5.51,141,Math,7,Low,9,None,113.76
Coding,Easy,19,8.61,82,Math,7,Low,4,Full,87.13
MCQ,Medium,12,8.22,35,Programming,7,High,10,Full,32.32
MCQ,Medium,1,7.36,180,Science,9,Low,8,None,61.43
Essay,Easy,4,2.58,85,Science,5,High,3,Partial,44.44
Essay,Easy,18,3.94,36,Programming,8,High,2,None,111.63
MCQ,Easy,8,1.5,149,Literature,5,Low,8,Partial,113.13
Coding,Hard,12,9.6,22,Programming,6,High,5,None,63.01
MCQ,Hard,19,3.38,117,Programming,8,High,3,Full,147.44
Coding,Hard,3,1.64,59,Science,2,Medium,3,Full,74.27
MCQ,Hard,17,5.46,172,History,8,Medium,10,Full,96.29
Essay,Hard,5,9.8,36,History,3,Low,9,Partial,32.03
Essay,Hard,19,5.55,83,History,3,Low,2,Full,221.0
Essay,Medium,17,3.21,28,Literature,5,Low,9,Full,100.18
MCQ,Medium,13,9.46,54,Literature,7,Medium,9,Partial,58.93
Coding,Hard,6,6.34,27,Programming,6,Medium,5,Full,32.7
Essay,Medium,17,1.21,63,Math,7,Medium,8,Partial,135.05
MCQ,Hard,8,5.58,37,Literature,5,Medium,10,Partial,47.59
Coding,Medium,8,4.5,102,History,7,Low,7,None,80.62
MCQ,Medium,19,3.98,150,Literature,7,Medium,10,None,130.66
MCQ,Easy,1,6.51,28,Programming,6,Medium,10,Partial,13.02
Coding,Hard,11,6.67,101,Programming,3,Medium,6,Full,108.0
Coding,Easy,14,8.07,74,Science,1,Medium,5,None,143.05
MCQ,Easy,3,6.84,22,Literature,3,Medium,7,None,22.09
MCQ,Medium,13,7.83,50,Literature,2,High,5,Partial,97.82
Coding,Hard,1,9.54,96,History,4,Medium,3,Partial,38.09
Essay,Hard,3,8.54,18,Programming,3,Low,7,None,35.58
MCQ,Easy,11,1.26,38,Math,9,High,7,Partial,55.44
MCQ,Medium,2,7.67,98,History,7,Low,5,Full,42.69
MCQ,Medium,18,2.1,25,Math,7,High,10,Full,82.64
Essay,Medium,13,4.42,127,Math,5,High,2,Full,113.21
Essay,Easy,13,3.12,135,History,1,Medium,3,None,228.89
Coding,Hard,13,4.98,71,Math,2,High,8,None,143.83
Essay,Medium,13,2.08,150,Literature,9,Low,10,None,119.51
MCQ,Medium,16,4.71,74,Programming,8,High,10,None,76.26
Essay,Hard,1,7.8,139,Literature,5,High,8,Partial,51.65
Coding,Hard,2,5.87,179,Science,3,Medium,10,Partial,66.73
Essay,Hard,16,9.22,75,Science,6,Low,7,None,112.3
Coding,Medium,1,7.67,31,Science,10,Low,5,None,23.93
MCQ,Medium,20,8.32,140,Literature,10,Low,5,Partial,107.34
Coding,Medium,6,7.75,27,Math,2,Medium,8,Partial,36.44
Coding,Easy,1,5.87,67,Science,7,Low,9,Full,31.85
MCQ,Hard,15,9.59,179,Science,9,High,2,None,128.58
MCQ,Hard,9,7.55,154,History,1,Medium,5,Full,131.52
Coding,Hard,11,7.61,72,History,3,Low,4,Partial,126.08
Coding,Hard,15,8.66,171,Programming,6,High,6,Full,103.83
MCQ,Hard,14,5.22,44,History,6,Low,1,Full,133.95
MCQ,Medium,4,5.9,51,Science,4,Medium,1,Partial,57.7
MCQ,Hard,5,9.47,86,Literature,10,High,6,None,49.56
Coding,Hard,9,2.13,137,Programming,9,Low,2,None,149.36
MCQ,Easy,12,7.58,150,Literature,9,Medium,7,Full,71.52
Essay,Hard,18,8.4,31,History,3,High,4,Partial,146.59
Essay,Medium,20,7.05,140,Science,6,Medium,7,Full,103.07
Essay,Hard,15,1.27,19,Science,10,High,1,Partial,158.18
MCQ,Medium,16,5.2,162,History,9,Medium,5,Full,103.08
Essay,Easy,1,5.31,112,Math,1,Low,10,None,44.45
Coding,Easy,12,5.34,43,History,10,Medium,3,None,70.22
Essay,Medium,17,9.9,60,Science,1,Low,7,None,163.83
Coding,Hard,16,2.08,52,Math,5,Low,7,Partial,187.41
Coding,Hard,18,7.82,21,History,2,Low,5,None,231.2
MCQ,Easy,2,6.67,85,History,6,Medium,4,None,40.98
Essay,Medium,20,4.39,88,Science,9,Medium,1,None,174.12
MCQ,Easy,8,8.75,134,Programming,5,Medium,9,None,66.31
Coding,Hard,9,7.61,131,Science,4,Low,7,Partial,108.39
Essay,Hard,7,7.55,148,Math,4,High,10,Partial,71.53
MCQ,Hard,19,7.67,58,History,3,Low,9,None,170.04
Essay,Easy,14,3.61,147,Science,1,High,1,None,239.25
Coding,Medium,19,6.54,44,Programming,10,High,5,None,100.47
Coding,Hard,1,2.5,17,History,2,High,10,Partial,8.13
MCQ,Hard,20,1.75,29,Literature,2,Medium,9,Full,200.27
MCQ,Hard,15,7.72,138,Programming,6,Medium,1,Full,133.78
Coding,Hard,2,8.54,157,Programming,5,High,2,Partial,69.72
MCQ,Medium,7,6.93,35,Programming,10,Low,5,Full,43.45
Coding,Easy,2,8.29,122,Literature,6,High,10,None,38.11
Coding,Hard,5,7.41,104,Math,2,High,3,Partial,82.65
MCQ,Easy,2,1.01,106,Science,10,High,7,Partial,38.41
Coding,Medium,3,9.87,176,Math,3,Low,7,Partial,73.4
Coding,Easy,9,4.89,27,Science,10,Medium,4,None,44.92
Coding,Easy,13,9.85,114,Programming,3,Medium,7,Full,77.35
Essay,Hard,2,5.54,118,Science,3,High,3,Partial,63.88
Coding,Easy,17,1.87,81,Math,4,Medium,10,Partial,115.42
Essay,Medium,8,6.42,82,History,9,Low,5,Full,45.86
Essay,Medium,20,1.51,103,Math,5,Medium,4,Full,212.95
Essay,Easy,6,5.88,51,Science,4,Low,7,Full,42.19
Essay,Medium,11,6.64,121,Math,8,Medium,5,Full,71.57
Essay,Easy,8,3.88,139,Math,7,Low,3,Full,87.19
Essay,Medium,16,9.36,67,Programming,1,Medium,9,Full,87.97
Essay,Medium,14,5.49,45,Science,2,High,1,Full,128.7
Essay,Easy,14,8.7,93,Programming,9,Medium,2,Full,59.93
Essay,Easy,13,9.42,147,Programming,2,Medium,2,Full,102.28
MCQ,Easy,3,6.16,106,History,4,Low,4,Full,39.88
Coding,Hard,4,4.5,119,Science,7,Low,9,Full,62.99
Essay,Hard,3,5.35,53,Science,10,Low,2,None,36.8
Essay,Medium,16,6.99,172,Science,1,Medium,3,Full,195.78
MCQ,Easy,13,8.14,79,Literature,10,High,7,Partial,48.35
Essay,Easy,4,6.49,129,History,1,Low,9,Full,49.49
Essay,Medium,16,5.38,119,Literature,10,High,3,Partial,112.98
Essay,Hard,1,8.13,135,History,8,Low,5,Full,45.22
MCQ,Easy,9,2.65,17,History,2,High,2,Partial,100.53
MCQ,Hard,20,8.37,77,Math,9,Medium,5,None,130.31
MCQ,Hard,11,4.16,158,History,4,Low,5,None,192.38
MCQ,Easy,3,6.17,103,Programming,1,High,2,Full,55.6
MCQ,Hard,3,3.49,178,Literature,4,High,6,Partial,70.67
Coding,Easy,2,4.38,63,Literature,8,Medium,4,Partial,23.03
Coding,Medium,9,8.34,145,Science,6,Medium,1,None,113.77
MCQ,Easy,1,8.74,54,Math,8,High,1,None,20.01
Coding,Easy,8,7.05,115,Programming,7,High,6,None,71.65
Essay,Medium,3,7.66,55,History,7,Low,9,Full,21.91
MCQ,Easy,2,9.24,81,Science,2,Medium,10,Partial,27.21
Essay,Medium,6,8.91,30,History,9,Low,10,Full,12.27
Essay,Hard,8,3.21,81,Math,9,Low,10,Full,59.61
MCQ,Hard,18,9.92,89,History,6,High,6,Partial,100.14
Essay,Hard,5,7.19,77,History,8,Medium,4,Full,42.47
Coding,Medium,10,8.39,133,History,4,High,2,None,106.71
Essay,Hard,10,3.94,61,History,8,Low,4,Full,83.69
Essay,Hard,6,3.6,170,Math,9,Medium,3,Partial,94.41
Essay,Hard,16,1.17,58,Science,2,Medium,10,None,265.33
Essay,Medium,20,6.98,148,Science,1,Medium,9,None,214.07
Essay,Easy,18,3.79,20,Literature,8,Medium,5,None,116.69
MCQ,Medium,17,4.9,19,Literature,1,Low,7,None,219.73
MCQ,Medium,18,2.11,153,Literature,1,Medium,9,None,302.17
MCQ,Hard,17,9.11,158,History,9,Low,10,Partial,96.64
Coding,Hard,15,7.2,123,History,10,High,10,Partial,80.93
MCQ,Medium,2,6.23,84,Science,5,Medium,5,Partial,40.36
Essay,Medium,14,4.86,155,Literature,10,Low,9,Full,88.95
MCQ,Medium,15,5.56,32,History,3,Low,2,Full,146.27
Essay,Hard,14,9.6,110,Math,6,Medium,2,Partial,127.61
Essay,Medium,5,2.94,166,History,9,High,9,None,71.87
Essay,Easy,15,4.6,51,Literature,7,High,8,Full,61.49
Essay,Hard,11,4.03,115,History,6,Medium,1,Full,134.75
MCQ,Easy,9,2.25,51,Science,8,High,6,None,72.42
Coding,Medium,6,1.27,45,Science,7,Medium,9,Full,42.15
Coding,Easy,20,9.14,127,History,3,Medium,2,Partial,160.89
MCQ,Easy,16,2.0,40,History,5,Low,5,None,172.87
Essay,Medium,10,4.94,67,Programming,6,High,8,Partial,67.0
MCQ,Easy,15,2.4,130,History,5,High,8,Partial,126.68
Essay,Easy,6,7.06,110,Math,4,Medium,4,Full,52.55
Coding,Medium,12,7.64,43,Programming,1,High,1,Full,115.77
MCQ,Hard,11,1.07,131,Programming,1,Medium,7,Full,209.68
MCQ,Easy,2,1.73,173,Literature,4,High,5,Partial,63.07
MCQ,Medium,8,5.16,157,Literature,2,High,3,Partial,117.04
MCQ,Hard,20,4.39,70,Science,8,High,10,None,121.36
Coding,Medium,16,7.27,135,Science,8,High,2,Partial,118.31
Essay,Medium,19,9.14,78,History,2,High,2,None,190.15
Coding,Medium,3,1.24,116,Science,1,Medium,2,None,114.47
MCQ,Easy,8,1.27,21,Science,5,Low,10,Partial,60.06
MCQ,Medium,7,7.36,54,History,5,Low,3,None,75.03
Essay,Easy,15,3.84,90,Science,7,High,10,None,83.96
MCQ,Medium,8,9.3,122,Programming,2,Low,3,Full,93.54
Coding,Hard,12,1.13,103,Science,7,High,1,Partial,174.27
Essay,Medium,17,9.25,62,Math,6,Low,5,Full,75.24
Essay,Easy,14,4.05,79,Math,10,Medium,3,Partial,79.5
MCQ,Easy,4,2.38,178,Science,6,High,8,Partial,75.49
Coding,Medium,13,7.69,93,Science,7,Low,6,Full,85.62
Coding,Easy,17,9.32,69,Math,5,High,10,None,66.93
MCQ,Medium,10,9.89,19,History,8,Low,3,Partial,51.31
Coding,Medium,18,9.5,91,Programming,5,Low,9,Partial,96.22
MCQ,Hard,17,1.16,175,History,2,High,7,Full,250.16
Coding,Medium,5,9.68,19,Math,10,High,2,None,22.64
MCQ,Medium,13,1.13,18,Math,6,High,6,None,141.89
MCQ,Medium,13,2.16,42,History,10,Medium,4,Partial,108.97
Coding,Hard,8,3.04,79,Math,1,Medium,3,Partial,170.51
MCQ,Hard,16,2.06,172,Science,9,Low,4,Partial,216.62
Coding,Hard,3,4.66,105,Math,6,Low,4,None,54.78
Coding,Easy,19,2.35,16,Programming,10,Low,5,Partial,102.75
Essay,Easy,4,1.19,140,Programming,5,Medium,8,Full,67.2
Coding,Hard,4,6.68,106,History,2,Low,2,Full,70.35
Coding,Hard,15,8.2,77,History,8,Low,5,None,119.38
Essay,Hard,8,5.34,118,Programming,2,Low,6,None,149.38
Essay,Easy,20,5.12,142,Literature,10,Low,3,None,157.32
Essay,Hard,17,3.51,83,Science,3,Medium,4,None,284.77
Essay,Hard,7,6.21,138,Science,5,Medium,10,Full,67.33
Coding,Medium,12,1.73,141,Literature,1,Low,7,Full,206.23
Essay,Medium,4,6.01,123,Math,7,Medium,6,Partial,51.11
MCQ,Medium,1,3.37,43,History,8,Medium,1,Partial,11.12
MCQ,Easy,15,9.39,132,History,1,High,4,Full,117.69
Essay,Hard,17,9.1,123,Literature,6,High,2,None,157.25
MCQ,Easy,6,4.88,63,Literature,9,Low,1,None,59.97
Coding,Easy,16,1.05,63,Math,6,Low,10,None,127.52
Coding,Easy,1,7.09,133,Math,9,Low,3,Full,44.36
Coding,Medium,8,2.03,179,History,8,Medium,8,Full,98.66
Coding,Easy,11,7.09,124,Literature,5,Medium,3,Full,76.97
Coding,Hard,4,2.81,19,Programming,3,High,6,None,59.09
Essay,Hard,3,4.82,168,Math,8,Medium,1,None,69.9
Coding,Easy,4,4.94,16,Science,3,Low,7,None,29.98
Coding,Easy,4,8.24,110,Math,8,Low,2,None,52.04
Coding,Easy,1,3.7,136,Programming,9,High,5,Full,53.29
Essay,Hard,3,5.0,20,Programming,7,High,6,Partial,18.15
Coding,Easy,16,1.88,157,Literature,7,High,7,Partial,128.14
Essay,Hard,11,1.18,167,Science,7,Low,2,Full,171.36
MCQ,Medium,3,3.11,40,Math,6,Medium,10,None,24.17
Coding,Hard,12,8.03,142,Math,5,Low,5,Partial,124.07
MCQ,Easy,11,3.66,115,Literature,7,High,6,Partial,77.54
Essay,Hard,15,4.21,97,Science,3,Low,10,Partial,151.3
Essay,Medium,8,9.32,40,Science,3,Low,10,None,47.5
Essay,Easy,14,7.01,89,Programming,2,High,2,None,144.02
Coding,Medium,5,7.44,142,Programming,1,High,7,Full,74.17
Essay,Easy,7,9.37,166,History,1,Medium,2,Full,100.76
Essay,Medium,19,8.68,91,Literature,2,High,3,Partial,163.19
MCQ,Easy,20,6.85,83,Science,9,High,6,Partial,88.45
Coding,Easy,12,9.42,161,Science,2,Medium,8,None,114.93
Coding,Easy,6,3.42,142,History,10,Low,2,Full,76.55
Coding,Easy,7,5.23,97,Science,3,Low,9,None,64.81
MCQ,Medium,18,1.86,77,History,1,Medium,4,Partial,336.95
MCQ,Medium,14,8.75,153,Science,6,Medium,6,Full,83.24
MCQ,Medium,14,7.91,57,Math,8,Medium,6,None,82.59
MCQ,Medium,2,6.93,74,Literature,7,Medium,7,Full,35.58
MCQ,Easy,7,2.42,122,Math,5,Low,3,Partial,101.53
Coding,Easy,15,5.52,108,Science,9,Low,6,Partial,96.46
Essay,Hard,1,1.56,21,History,4,Low,4,None,26.97
MCQ,Easy,1,3.96,160,Math,4,Medium,9,Partial,43.93
Coding,Medium,10,5.52,141,Programming,5,High,6,None,99.69
MCQ,Medium,17,3.04,111,Literature,3,Low,4,Partial,252.95
Coding,Hard,5,3.93,62,Math,2,High,10,Partial,63.43
Essay,Medium,20,8.86,147,History,3,Medium,6,None,173.1
MCQ,Medium,12,1.81,58,History,1,High,5,Full,150.92
MCQ,Hard,7,5.84,61,History,1,Low,9,None,102.77
Coding,Easy,12,8.89,52,History,1,Medium,5,Full,69.32
Coding,Easy,1,9.45,157,Math,10,Medium,9,Full,43.57
MCQ,Easy,17,3.08,50,Programming,1,High,9,Partial,144.28
Essay,Easy,8,9.48,172,Literature,9,Medium,6,Partial,80.48
Coding,Hard,8,5.31,116,Programming,5,High,2,Partial,101.78
Coding,Easy,7,6.18,67,Literature,4,Low,6,Full,46.69
MCQ,Medium,16,9.49,39,Math,2,Low,9,None,123.78
Essay,Easy,12,6.27,151,Literature,9,High,4,None,94.62
Essay,Medium,13,3.81,173,Literature,7,Low,2,Partial,158.57
Essay,Hard,2,7.41,148,Programming,9,High,7,None,48.56
Essay,Hard,16,4.56,72,Math,9,Low,7,Full,90.85
MCQ,Medium,8,2.18,163,Science,3,High,2,None,164.68
Essay,Hard,18,3.19,111,Programming,5,High,2,Partial,231.02
MCQ,Medium,9,3.0,127,Programming,1,Medium,6,Partial,158.33
Essay,Medium,7,1.2,107,Math,9,High,8,None,70.72
Coding,Easy,18,4.4,143,Science,2,Medium,2,None,260.28
MCQ,Easy,12,2.15,127,Science,5,Low,1,Partial,165.54
MCQ,Hard,2,2.15,176,Programming,5,High,7,None,70.52
Coding,Hard,16,2.15,21,Literature,3,Low,7,Partial,230.44
Coding,Easy,16,8.45,18,Math,4,Low,7,Full,61.39
Essay,Easy,6,6.63,78,Literature,2,Low,9,Full,51.03
Coding,Hard,15,2.81,147,Math,8,Low,10,Partial,138.12
Coding,Hard,20,4.51,161,Math,6,Low,3,None,280.48
MCQ,Easy,11,2.43,155,Science,6,High,6,None,127.6
MCQ,Hard,12,1.36,41,Programming,8,Medium,10,None,111.36
Essay,Easy,17,1.4,74,Math,10,High,1,None,160.11
Coding,Hard,5,1.91,51,History,10,Medium,5,Partial,59.66
Essay,Hard,4,4.7,76,Math,9,Low,6,Full,38.69
Essay,Easy,12,6.68,56,Programming,9,High,7,Partial,40.7
MCQ,Medium,6,5.93,41,Math,3,Low,5,Partial,62.75
Coding,Easy,10,4.91,53,History,6,Medium,5,Partial,60.33
Coding,Medium,4,1.37,52,Literature,4,High,2,Partial,65.71
Coding,Hard,12,1.74,177,History,2,High,9,None,213.89
Coding,Hard,17,4.53,135,History,2,Medium,5,Full,198.85
MCQ,Hard,7,4.81,40,Programming,9,High,6,Full,30.1
Coding,Easy,20,7.22,35,Math,9,Low,10,Full,43.75
Essay,Easy,5,8.91,125,Literature,6,Medium,7,Full,56.99
Essay,Easy,9,2.84,28,Programming,4,High,5,Partial,74.0
Essay,Easy,16,9.19,110,Programming,5,Medium,2,Partial,100.92
Coding,Medium,9,9.44,157,Science,1,Medium,2,Partial,121.8
Essay,Hard,12,9.19,155,Programming,5,Low,9,None,108.64
MCQ,Medium,1,6.35,163,Science,3,Medium,9,None,60.45
Essay,Medium,8,7.11,75,Math,1,High,4,Partial,84.99
Essay,Hard,8,5.39,84,History,3,Medium,5,None,120.68
MCQ,Easy,10,8.79,141,Programming,10,Medium,7,None,63.64
Essay,Medium,19,2.61,129,Math,7,Medium,5,None,215.95
MCQ,Hard,6,6.85,70,Science,9,High,9,Partial,36.86
MCQ,Hard,10,2.18,129,Science,10,High,1,Full,102.87
Coding,Hard,6,5.09,88,Math,6,Low,8,Partial,66.14
Coding,Medium,15,6.0,24,Math,2,Low,2,Partial,177.23
Coding,Medium,2,9.12,20,Programming,8,High,8,Partial,19.29
Coding,Hard,14,3.12,33,Literature,1,Low,5,None,321.28
Coding,Easy,4,4.03,42,Literature,6,High,10,None,27.14
Coding,Hard,11,5.73,35,Programming,2,Low,3,Full,136.98
Essay,Hard,3,1.73,25,Math,2,Medium,9,None,62.36
MCQ,Medium,17,6.38,86,Math,2,Medium,7,None,181.4
Coding,Hard,10,7.36,137,Science,1,High,10,None,120.5
MCQ,Medium,19,5.89,165,Math,10,Medium,6,Partial,131.18
Coding,Medium,1,3.23,22,Science,8,Medium,6,Partial,3.65
MCQ,Medium,4,5.82,140,History,10,Medium,8,Partial,55.36
MCQ,Hard,11,7.53,58,Literature,9,Medium,4,Partial,67.49
Essay,Medium,7,8.71,99,Math,2,Low,8,Full,69.76
MCQ,Medium,1,1.54,29,History,9,Low,7,Partial,19.02
MCQ,Medium,16,5.92,168,Programming,5,Medium,7,Partial,137.06
Coding,Medium,7,7.04,106,Math,10,Low,9,Full,53.66
Essay,Medium,20,5.64,139,Science,7,Medium,9,None,125.56
Essay,Medium,13,1.55,84,History,2,Low,7,Partial,212.62
MCQ,Easy,20,9.42,69,Programming,10,Low,9,Partial,56.46
Essay,Hard,20,9.91,104,History,1,High,6,Partial,190.28
Essay,Medium,1,2.24,61,Science,6,Medium,5,None,33.31
Coding,Hard,16,3.77,31,History,1,Low,8,None,278.18
MCQ,Easy,2,7.08,56,Programming,1,Medium,7,None,30.38
Essay,Medium,2,6.08,176,Math,7,Medium,3,Partial,70.63
Coding,Easy,8,1.95,166,Programming,4,Medium,4,Full,108.58
Essay,Easy,7,4.76,89,Math,10,Medium,3,Partial,58.12
MCQ,Easy,6,8.64,105,Math,4,High,3,None,61.97
Essay,Hard,9,2.89,147,Literature,3,Low,8,Full,126.4
MCQ,Hard,12,5.47,62,Literature,4,Low,3,Partial,139.04
Essay,Medium,11,7.1,116,Programming,1,Medium,2,None,180.27
Coding,Medium,2,8.1,123,Math,1,High,5,Partial,44.9
Coding,Medium,11,7.43,170,Programming,9,Medium,1,Full,90.19
Essay,Easy,8,3.53,115,Literature,1,Low,7,Full,108.41
Coding,Medium,12,3.53,67,Math,3,Low,1,None,226.39
Essay,Easy,13,1.13,89,Literature,7,Medium,3,Full,117.32
Essay,Medium,4,7.89,40,Math,6,Medium,5,Full,24.48
Coding,Medium,1,2.99,180,Literature,9,Low,5,Full,50.51
MCQ,Easy,12,7.85,39,Programming,4,Medium,2,Partial,69.8
MCQ,Easy,5,6.53,165,Programming,7,Low,1,Partial,67.57
Coding,Hard,8,5.24,80,History,1,High,5,None,132.77
Coding,Hard,9,3.09,114,Science,7,Medium,2,Partial,116.34
Essay,Medium,8,2.38,123,Literature,5,Medium,3,Partial,110.91
Coding,Medium,17,3.05,133,Math,6,Low,3,None,233.77
Coding,Easy,10,5.36,129,History,1,Low,4,Partial,136.91
MCQ,Easy,6,6.53,121,Science,10,Medium,4,None,62.07
Coding,Easy,16,4.1,84,Programming,4,Medium,6,None,150.93
MCQ,Easy,10,1.04,109,History,4,High,6,None,136.03
MCQ,Easy,11,5.97,65,Programming,7,Medium,9,None,69.17
MCQ,Medium,15,7.44,25,Science,10,High,8,Full,40.43
Essay,Easy,2,5.55,31,Math,2,Medium,1,Full,32.14
MCQ,Easy,16,8.25,168,Literature,6,High,1,Partial,112.44
MCQ,Hard,9,3.08,144,History,8,Medium,5,None,125.48
Essay,Medium,14,5.01,51,Literature,10,Low,7,Partial,69.57
MCQ,Easy,17,6.67,153,Math,7,Low,5,Partial,108.76
Coding,Hard,3,9.04,180,Literature,6,High,10,None,56.96
Essay,Easy,12,7.89,25,Literature,10,Low,4,None,65.09
MCQ,Medium,19,6.67,82,Programming,1,Low,5,None,263.69
Coding,Medium,4,7.13,91,Programming,1,Medium,8,None,58.61
Coding,Medium,10,3.04,132,Literature,5,Low,1,Partial,153.1
Essay,Medium,13,7.66,83,Science,6,Low,4,None,112.14
Essay,Medium,12,3.68,45,Math,7,Low,4,None,121.05
MCQ,Medium,1,3.08,73,Programming,8,Low,4,Partial,29.71
MCQ,Medium,18,1.55,43,History,6,High,2,None,230.22
Coding,Hard,8,9.09,55,History,6,Low,7,Partial,54.41
Coding,Medium,9,9.63,75,Literature,9,Medium,10,Partial,38.17
Coding,Easy,7,9.08,41,Science,9,Low,4,None,47.32
Essay,Easy,1,3.23,73,Literature,5,Medium,6,Partial,25.35
Essay,Easy,1,6.86,36,Science,6,Medium,10,None,14.14
Essay,Easy,15,7.11,156,Math,2,Low,5,None,180.82
Essay,Easy,1,3.58,29,Literature,1,Medium,8,None,21.42
Coding,Easy,18,7.06,64,Programming,4,Low,7,Partial,104.6
Coding,Hard,5,7.94,145,Programming,4,Low,7,Full,69.14
Essay,Hard,4,4.93,112,Science,9,High,8,None,57.74
Essay,Hard,5,2.95,27,History,3,Low,1,Partial,98.14
Coding,Hard,3,5.01,16,History,6,High,9,Partial,25.73
MCQ,Hard,14,1.82,107,Math,3,Low,9,None,232.76
Essay,Hard,13,4.27,99,Literature,3,High,10,Partial,104.7
MCQ,Easy,2,1.63,123,Literature,3,High,9,None,60.16
Essay,Hard,18,8.21,70,Science,8,Low,9,Full,71.42
Coding,Medium,17,6.71,69,Literature,3,Low,9,Partial,110.53
Coding,Hard,8,1.18,31,Science,1,Medium,3,None,238.51
Coding,Medium,3,7.9,150,Science,10,Medium,3,Partial,66.09
Coding,Hard,7,5.87,103,Literature,6,High,10,Full,60.57
Coding,Hard,13,2.33,99,Literature,1,Low,5,None,351.25
Coding,Medium,18,5.39,30,History,4,Medium,9,Full,89.01
Coding,Medium,1,5.06,69,Programming,9,High,6,None,25.12
Essay,Medium,2,1.79,160,Science,6,Low,10,None,72.42
Coding,Easy,10,8.34,117,History,10,Medium,9,None,51.49
Essay,Easy,2,9.84,119,Math,9,Medium,10,None,47.62
MCQ,Easy,19,6.03,66,Math,4,Medium,5,Full,99.96
Coding,Easy,4,3.46,43,Programming,3,Low,4,Partial,46.05
Coding,Easy,17,7.12,51,History,5,Low,8,None,105.36
MCQ,Hard,16,5.32,129,History,7,Medium,2,Partial,169.31
Essay,Medium,18,6.83,30,Science,4,High,1,None,154.09
Essay,Easy,17,8.42,56,Math,7,Low,1,Full,72.51
MCQ,Easy,3,9.64,152,Programming,5,High,5,Full,56.93
Coding,Medium,7,5.43,159,Programming,10,High,1,Full,83.64
MCQ,Medium,16,3.85,110,Science,1,Low,7,Partial,226.36
Essay,Medium,16,5.11,135,Literature,9,Low,7,None,129.29
Coding,Medium,4,7.34,36,Math,2,Medium,1,Partial,44.43
Coding,Medium,16,9.47,156,History,2,High,5,None,166.99
Coding,Medium,12,6.3,71,History,5,High,5,Full,82.15
MCQ,Medium,4,8.22,93,Math,10,Medium,8,None,31.89
MCQ,Medium,18,5.08,119,Math,7,Low,4,Full,138.09
Coding,Hard,8,5.39,89,History,10,Low,9,None,72.6
Essay,Medium,3,4.75,166,Literature,3,Medium,3,Full,73.79
MCQ,Hard,15,6.98,88,History,4,Medium,7,Full,113.7
Coding,Medium,3,9.89,24,Programming,3,Medium,8,Full,11.78
Coding,Easy,6,8.58,149,Programming,7,Low,3,None,84.53
MCQ,Hard,1,5.18,180,Programming,10,Low,4,Partial,70.03
Coding,Easy,6,3.97,39,Science,8,Medium,6,None,42.57
MCQ,Hard,4,3.17,50,Math,3,Low,6,Full,55.95
Essay,Easy,9,8.93,71,Math,8,High,8,None,44.22
Essay,Easy,3,7.97,82,Literature,5,High,8,Partial,43.16
Coding,Hard,13,4.3,133,Math,9,High,10,Partial,83.75
Essay,Easy,9,4.36,130,Math,4,Low,10,Partial,84.16
Coding,Easy,4,2.0,160,Science,9,Low,5,Partial,68.82
MCQ,Medium,4,9.91,83,Math,4,Medium,10,Full,29.16
Coding,Easy,6,5.11,124,Science,4,Medium,3,Full,64.33
Essay,Hard,3,8.72,90,History,3,Medium,2,None,68.03
MCQ,Hard,8,8.16,158,Programming,8,Low,7,None,90.24
Essay,Medium,15,1.22,91,Math,9,Low,8,None,145.31
Essay,Hard,4,5.15,128,Math,9,Low,10,None,63.15
MCQ,Medium,15,4.03,99,Programming,9,Medium,2,Full,98.62
MCQ,Easy,14,7.58,98,Programming,3,Medium,8,Partial,93.39
Coding,Hard,15,8.92,100,Programming,8,Low,2,None,141.5
Coding,Easy,4,5.76,141,Math,9,High,4,None,67.75
Coding,Medium,1,4.05,90,Math,9,High,1,None,30.22
Essay,Hard,16,5.56,58,Programming,10,Low,6,Partial,94.67
Coding,Hard,11,4.97,180,Programming,3,Medium,7,Partial,142.0
Coding,Medium,9,5.27,144,Math,5,Low,9,Full,81.01
MCQ,Easy,11,6.91,153,Math,7,Medium,7,Partial,77.18
Coding,Easy,5,8.51,49,Science,4,Low,5,Full,31.47
Coding,Medium,2,4.67,84,Literature,7,Low,10,None,40.97
Coding,Medium,13,4.7,163,Science,2,High,1,Partial,190.31
Coding,Hard,18,3.69,100,Math,3,Medium,8,Partial,193.19
Essay,Medium,13,1.24,94,Science,7,High,5,None,148.98
Essay,Hard,14,4.72,84,Math,9,High,3,None,117.7
Coding,Medium,4,3.63,141,Literature,10,High,2,Partial,73.35
MCQ,Hard,10,1.25,160,History,4,High,10,None,142.72
MCQ,Hard,5,6.48,161,Math,5,Medium,3,None,94.13
MCQ,Medium,5,8.63,118,Science,2,Low,9,Full,58.16
Essay,Easy,2,2.03,38,Math,5,Medium,4,Partial,26.41
MCQ,Easy,15,2.94,62,Literature,3,Low,6,Partial,156.02
MCQ,Easy,3,1.26,179,Math,6,High,8,None,75.8
Essay,Easy,16,6.21,51,Programming,10,Low,3,Full,58.18
MCQ,Hard,3,1.18,161,Science,4,High,3,None,104.3
MCQ,Easy,7,8.23,62,Programming,6,Medium,9,Full,29.94
Essay,Medium,16,9.4,150,Math,3,Medium,3,None,175.44
Essay,Hard,7,9.84,61,Programming,2,Medium,8,None,77.14
MCQ,Medium,4,5.44,47,Science,6,Low,3,Partial,52.63
MCQ,Hard,15,6.21,58,Literature,7,High,4,Full,85.27
Essay,Medium,16,8.44,28,Science,2,Low,7,Full,97.61
Essay,Medium,13,6.59,161,Programming,4,High,7,Full,109.34
Coding,Easy,6,8.09,120,Programming,8,Low,5,None,63.5
Essay,Easy,16,3.64,113,Programming,10,Low,5,None,114.21
Essay,Easy,18,2.47,45,Math,4,High,6,None,149.68
MCQ,Medium,9,4.92,172,Programming,3,Low,4,None,167.05
Coding,Hard,8,3.69,21,Math,6,High,2,Full,73.73
Essay,Hard,12,1.75,153,Science,4,High,8,Full,143.67
Essay,Easy,17,1.67,109,Math,1,High,3,None,313.69
Essay,Hard,12,4.12,32,Programming,3,Medium,5,Partial,132.97
MCQ,Hard,17,3.91,16,Math,6,High,6,Full,98.1
MCQ,Easy,12,3.85,63,Math,1,Medium,5,None,170.06
Essay,Easy,4,4.34,42,Science,9,Low,4,Partial,23.65
Essay,Hard,3,6.31,53,Literature,3,Medium,6,Partial,47.08
MCQ,Hard,16,6.46,79,Math,10,High,3,Full,74.5
MCQ,Easy,9,2.59,27,History,3,High,7,None,81.89
Coding,Easy,6,2.47,51,Literature,7,High,9,Partial,30.23
Essay,Hard,11,1.82,115,Literature,10,Medium,1,Partial,143.06
MCQ,Easy,7,9.53,91,Programming,1,Low,2,Full,81.84
MCQ,Hard,20,4.26,49,History,3,High,3,Full,182.0
Essay,Medium,20,3.94,153,Science,7,Medium,4,Full,151.85
MCQ,Easy,15,1.59,38,History,2,High,10,Full,85.02
Coding,Easy,1,2.76,20,Programming,7,High,9,Full,11.6
Essay,Easy,5,9.65,108,Science,8,Medium,4,Full,35.37
Coding,Hard,18,7.01,118,History,5,Medium,9,Partial,121.07
Coding,Easy,8,5.53,19,Programming,8,Medium,3,Full,34.46
Essay,Medium,4,1.25,157,Literature,8,High,5,Partial,86.26
MCQ,Easy,9,8.65,154,History,9,Low,1,Partial,80.94
MCQ,Medium,8,8.18,132,Programming,6,Low,9,Full,54.25
Essay,Medium,15,7.49,180,Programming,6,Low,8,None,122.63
MCQ,Hard,12,2.56,105,Science,7,Medium,10,Full,85.71
Coding,Easy,1,3.39,157,Math,6,High,10,Full,52.82
Essay,Medium,20,6.31,110,Programming,4,Low,5,Full,147.43
Coding,Hard,16,7.38,77,Science,4,High,7,None,128.94
Coding,Hard,2,6.04,152,Literature,5,Low,5,Full,65.94
Essay,Easy,14,8.13,27,Literature,9,Low,9,Full,27.47
MCQ,Easy,18,7.28,31,Math,2,Low,8,None,131.81
Coding,Medium,11,9.82,74,Science,2,High,1,Partial,103.18
Coding,Medium,11,5.45,133,Literature,5,Low,5,Partial,125.58
Coding,Hard,7,4.58,94,Programming,4,High,4,None,94.09
Coding,Hard,1,9.1,152,Literature,5,Low,8,Full,53.37
Essay,Medium,1,7.33,78,Programming,7,High,8,Full,27.74
Essay,Medium,7,5.28,146,History,5,Medium,10,Partial,80.25
Essay,Hard,7,3.81,60,Math,6,High,3,Partial,83.93
Essay,Medium,20,1.53,155,Programming,6,Low,9,None,222.29
MCQ,Hard,8,6.29,125,History,3,Medium,2,Full,100.38
Coding,Easy,12,8.31,145,Science,7,High,9,Full,62.61
Coding,Medium,12,3.84,67,Literature,4,High,4,Partial,122.84
Coding,Medium,2,8.51,148,Math,3,Low,3,None,61.66
MCQ,Medium,14,2.98,101,Programming,10,Medium,5,Full,94.2
Essay,Easy,14,6.19,66,Science,6,Low,7,None,87.78
Coding,Medium,12,5.91,129,Literature,6,Medium,5,Partial,115.46
Essay,Hard,7,5.92,126,Literature,2,Medium,10,None,87.38
Essay,Hard,18,5.27,176,Programming,9,Low,5,None,182.86
Coding,Easy,9,3.56,134,Literature,1,Low,4,None,167.95
MCQ,Easy,9,8.37,148,History,2,High,6,Partial,83.86
MCQ,Medium,8,2.33,21,Science,6,Low,6,None,93.05
MCQ,Easy,12,6.22,141,Literature,4,High,8,Partial,86.39
MCQ,Hard,5,6.67,164,Math,8,Medium,6,None,73.45
Essay,Hard,13,4.94,66,History,3,Medium,1,Full,148.84
MCQ,Hard,18,6.86,77,Literature,5,High,5,Partial,140.52
Coding,Easy,16,6.87,45,Literature,1,Low,9,Full,99.6
MCQ,Medium,1,4.99,97,Programming,5,High,1,None,30.05
Coding,Medium,2,7.69,99,Literature,1,Low,10,Full,38.98
Essay,Hard,6,7.14,30,Math,3,High,5,Full,38.76
Coding,Medium,9,3.18,138,History,1,Medium,2,Full,160.99
MCQ,Easy,9,7.19,31,Science,6,Low,1,Full,47.13
Coding,Hard,4,9.06,157,History,3,Medium,4,Full,62.0
Essay,Hard,12,5.16,35,History,4,High,4,Full,89.66
MCQ,Easy,11,7.54,71,Literature,2,Low,2,Partial,109.95
Coding,Hard,14,5.48,78,Math,1,Medium,10,None,167.49
MCQ,Easy,11,1.18,96,History,3,Medium,3,Full,131.9
MCQ,Easy,1,1.27,31,Science,3,High,4,None,24.72
Essay,Medium,14,6.13,48,Literature,3,High,5,Partial,102.74
MCQ,Easy,4,1.17,113,History,8,Low,7,None,61.3
MCQ,Medium,17,2.75,151,Literature,6,Low,4,Partial,210.55
Coding,Hard,12,4.86,63,Literature,10,Medium,3,Full,68.55
Coding,Hard,18,1.36,71,History,7,High,3,None,245.87
Essay,Hard,9,4.43,23,History,1,Medium,2,None,197.73
Coding,Easy,7,9.95,93,Literature,6,Low,2,Full,52.93
Coding,Medium,2,8.62,23,Science,2,High,6,Partial,14.41
Coding,Medium,18,9.5,73,History,3,Low,6,Partial,138.59
Essay,Hard,2,2.93,178,Science,9,Medium,10,Full,60.83
Essay,Easy,1,3.68,53,Science,8,Medium,2,Partial,13.33
MCQ,Medium,11,3.44,127,Literature,1,Low,5,None,229.4
MCQ,Hard,14,5.91,143,Literature,10,Low,6,Full,109.35
Essay,Medium,4,3.83,84,History,6,High,2,Full,51.35
Essay,Medium,14,3.64,53,Programming,3,Low,8,Partial,135.87
Coding,Easy,19,9.4,63,History,9,High,1,None,79.71
Essay,Easy,9,8.86,77,History,6,Low,3,Full,53.11
Coding,Easy,4,2.68,35,Programming,6,Medium,7,None,38.77
Coding,Easy,13,4.19,94,Literature,2,Low,5,Partial,157.26
Coding,Easy,14,4.06,101,Science,4,High,9,Full,88.13
Essay,Easy,5,6.24,18,Programming,8,Low,4,Partial,31.86
MCQ,Easy,13,8.25,67,Science,10,Medium,8,Full,34.37
Coding,Hard,13,8.03,157,Math,3,High,2,None,166.63
Coding,Medium,19,6.2,148,Science,8,High,3,None,153.5
Coding,Hard,13,5.23,129,Math,4,High,7,None,149.04
Essay,Easy,3,9.68,128,Math,6,Medium,3,None,46.28
MCQ,Medium,19,9.3,153,Literature,3,Low,4,Full,145.3
Coding,Medium,15,1.21,101,Math,1,Medium,2,Full,282.92
Coding,Medium,10,1.81,72,Science,3,Low,2,Full,150.56
Coding,Easy,9,7.69,61,History,5,High,7,Full,33.42
MCQ,Hard,12,4.3,73,History,5,High,4,Partial,115.28
MCQ,Hard,15,3.14,150,Literature,10,High,4,None,154.77
Coding,Hard,4,7.27,162,Science,9,Medium,8,Partial,71.03
Essay,Hard,13,7.0,119,History,4,High,1,Partial,138.27
MCQ,Easy,10,2.91,132,Science,3,Medium,4,Partial,135.08
MCQ,Medium,14,7.41,34,History,1,Low,9,Partial,117.11
Coding,Hard,3,2.41,44,History,1,Low,1,Partial,86.47
Essay,Hard,19,6.63,169,Programming,4,Medium,10,Partial,151.88
Essay,Easy,7,2.52,122,Science,6,Low,8,None,84.62
Essay,Medium,14,1.09,124,Science,4,High,8,None,188.43
Essay,Hard,14,7.46,23,Literature,2,Low,2,Full,144.85
Coding,Medium,2,5.78,127,Math,7,Low,10,Partial,38.47
Essay,Hard,14,4.68,91,Science,8,High,8,Full,68.82
Essay,Hard,12,5.97,146,Literature,6,Medium,5,None,134.16
Coding,Medium,2,4.4,31,History,7,Low,8,Partial,18.98
MCQ,Medium,11,6.23,61,History,2,Low,2,Full,113.05
Coding,Easy,9,5.01,152,Programming,3,Low,5,None,132.24
Coding,Easy,19,7.08,26,Math,9,Low,4,Partial,82.94
Essay,Medium,12,7.07,155,Science,3,High,7,None,114.65
Coding,Easy,4,5.8,144,Math,4,Low,2,Partial,70.14
Essay,Easy,17,9.61,24,Programming,1,High,9,Full,66.73
Essay,Hard,12,9.88,60,Math,5,Medium,2,None,121.49
Coding,Hard,2,4.23,21,Programming,10,Low,8,Full,6.37
Essay,Medium,4,4.11,62,Programming,6,High,9,Partial,34.51
Coding,Hard,15,5.85,68,History,4,High,7,Full,99.29
Coding,Medium,12,3.34,151,Science,6,Medium,9,Full,97.42
MCQ,Easy,4,4.69,52,Science,2,Low,5,None,50.35
Essay,Easy,2,7.51,36,Math,5,Medium,2,Partial,26.33
Coding,Easy,18,2.61,115,Science,8,High,10,Partial,98.36
Coding,Easy,9,3.51,87,Programming,4,Low,1,None,142.61
Essay,Medium,7,2.44,112,Math,9,Low,1,Partial,97.12
MCQ,Easy,3,8.29,114,Literature,2,Low,4,Partial,62.46
Essay,Easy,15,6.15,159,Math,2,Medium,4,Partial,150.22
MCQ,Medium,12,1.66,75,History,9,High,5,None,119.79
Coding,Hard,11,9.67,107,Programming,2,Low,5,Full,112.94
Coding,Medium,7,9.86,161,Literature,3,High,10,Partial,69.51
Coding,Easy,9,1.17,152,Programming,9,High,3,Full,81.1
Coding,Medium,5,6.19,141,History,1,Low,5,None,103.3
Coding,Easy,9,1.2,127,Math,7,High,2,Full,98.03
MCQ,Medium,17,6.43,173,Literature,10,High,4,Partial,117.88
Coding,Easy,11,5.47,91,History,10,Medium,8,Full,53.7
Coding,Medium,7,3.83,61,Literature,8,Low,2,None,77.78
MCQ,Easy,8,8.19,71,Programming,10,High,6,Partial,37.77
Essay,Easy,18,5.6,70,Literature,7,Medium,2,None,124.09
Essay,Hard,13,6.09,126,Science,7,Low,4,Partial,122.99
MCQ,Hard,12,2.34,83,Science,10,Low,9,Full,75.38
MCQ,Easy,4,9.2,75,Programming,1,Medium,9,Partial,37.2
MCQ,Easy,9,3.23,16,Programming,6,High,9,None,53.26
Coding,Easy,3,6.69,100,Programming,2,Medium,2,Full,44.34
MCQ,Hard,1,7.12,173,History,3,Medium,5,Full,53.08
Coding,Medium,6,7.22,85,Science,10,Low,8,Full,32.19
Coding,Medium,3,9.53,86,Math,10,High,1,Partial,27.14
MCQ,Medium,19,6.96,79,Math,1,High,1,None,271.39
MCQ,Hard,11,4.85,42,History,10,Medium,7,None,77.69
MCQ,Hard,9,1.59,33,History,6,High,2,Partial,123.48
Essay,Medium,13,8.63,144,Literature,8,Medium,10,Full,79.4
MCQ,Medium,15,3.29,36,History,4,High,4,Full,111.05
MCQ,Medium,15,7.07,138,Programming,3,Low,9,Full,106.33
MCQ,Hard,20,7.43,39,History,2,Medium,1,Full,191.42
MCQ,Hard,2,3.29,33,History,4,High,2,Full,30.26
Essay,Hard,12,6.74,25,Programming,3,Low,10,None,98.94
Essay,Medium,5,5.72,50,Math,4,High,10,None,32.31
Essay,Hard,2,7.91,171,Math,6,High,5,Partial,62.19
Essay,Easy,3,9.38,18,Literature,10,Medium,9,None,6.79
Essay,Medium,14,8.54,146,Programming,6,Medium,8,None,106.89
MCQ,Hard,11,5.7,179,Math,4,Low,4,Partial,153.79
Essay,Hard,7,4.09,69,Math,9,Low,4,Partial,78.72
Coding,Easy,9,1.36,51,Science,8,Medium,1,Partial,82.02
Coding,Easy,2,2.17,165,Programming,7,Medium,5,Full,65.23
MCQ,Medium,11,6.26,162,Science,7,High,4,None,110.35
Essay,Easy,2,4.45,88,Programming,1,High,6,Full,44.98
Essay,Medium,9,6.82,129,Math,9,Medium,7,Full,59.17
Essay,Hard,20,1.61,56,Literature,10,High,2,Partial,188.48
Essay,Hard,7,2.71,47,Literature,4,High,8,Full,65.78
Coding,Hard,17,7.09,60,Math,5,Medium,7,Partial,121.74
MCQ,Medium,9,1.18,38,Programming,8,Low,5,Partial,89.68
Essay,Easy,5,2.18,144,Math,3,Low,1,Full,102.66
Essay,Easy,4,1.97,96,History,1,Low,2,Full,84.66
MCQ,Easy,14,6.83,25,Math,2,High,6,Partial,93.15
Coding,Easy,14,5.48,72,Literature,5,Low,1,None,145.12
